model,dataset,sft_train_examples,sft_max_steps,train_batch,grad_accum,learning_rate,settings_recovery
Gemma 3 270M,GSM8K,,,,,,not recovered from supplied notebooks
Gemma 3 270M,StrategyQA,,,,,,not recovered from supplied notebooks
Gemma 3 270M,LogiQA,,,,,,not recovered from supplied notebooks
Gemma 3 270M,MBPP,,,,,,not recovered from supplied notebooks
Gemma 3 1B,GSM8K,,,,,,not recovered from supplied notebooks
Gemma 3 1B,StrategyQA,,,,,,not recovered from supplied notebooks
Gemma 3 1B,LogiQA,,,,,,not recovered from supplied notebooks
Gemma 3 1B,MBPP,,,,,,not recovered from supplied notebooks
Llama 3 8B,GSM8K,,,,,,not recovered from supplied notebooks
Llama 3 8B,LogiQA,,,,,,not recovered from supplied notebooks
Llama 3 8B,MBPP,,,,,,not recovered from supplied notebooks
Llama 3.1 8B,GSM8K,,,,,,not recovered from supplied notebooks
Llama 3.1 8B,StrategyQA,,,,,,not recovered from supplied notebooks
Llama 3.1 8B,LogiQA,,,,,,not recovered from supplied notebooks
Llama 3.1 8B,MBPP,,,,,,not recovered from supplied notebooks
Llama 3.2 1B,GSM8K,,,,,,not recovered from supplied notebooks
Llama 3.2 1B,StrategyQA,,,,,,not recovered from supplied notebooks
Llama 3.2 1B,LogiQA,,,,,,not recovered from supplied notebooks
Llama 3.2 1B,MBPP,,,,,,not recovered from supplied notebooks
Llama 3.2 3B,GSM8K,,,,,,not recovered from supplied notebooks
Llama 3.2 3B,StrategyQA,,,,,,not recovered from supplied notebooks
Llama 3.2 3B,LogiQA,,,,,,not recovered from supplied notebooks
Llama 3.2 3B,MBPP,,,,,,not recovered from supplied notebooks
Qwen 2.5 0.5B,GSM8K,,,,,,not recovered from supplied notebooks
Qwen 2.5 0.5B,StrategyQA,,,,,,not recovered from supplied notebooks
Qwen 2.5 0.5B,LogiQA,,,,,,not recovered from supplied notebooks
Qwen 2.5 0.5B,MBPP,,,,,,not recovered from supplied notebooks
Qwen 2.5 1.5B,GSM8K,,,,,,not recovered from supplied notebooks
Qwen 2.5 1.5B,StrategyQA,,,,,,not recovered from supplied notebooks
Qwen 2.5 1.5B,LogiQA,,,,,,not recovered from supplied notebooks
Qwen 2.5 1.5B,MBPP,,,,,,not recovered from supplied notebooks
Qwen 2.5 7B,GSM8K,,,,,,not recovered from supplied notebooks
Qwen 2.5 7B,StrategyQA,,,,,,not recovered from supplied notebooks
Qwen 2.5 7B,MBPP,,,,,,not recovered from supplied notebooks
Qwen 3 0.6B,GSM8K,,,,,,not recovered from supplied notebooks
Qwen 3 0.6B,StrategyQA,,,,,,not recovered from supplied notebooks
Qwen 3 0.6B,LogiQA,,,,,,not recovered from supplied notebooks
Qwen 3 0.6B,MBPP,,,,,,not recovered from supplied notebooks
Qwen 3 1.7B,GSM8K,,,,,,not recovered from supplied notebooks
Qwen 3 1.7B,StrategyQA,,,,,,not recovered from supplied notebooks
Qwen 3 1.7B,LogiQA,,,,,,not recovered from supplied notebooks
Qwen 3 1.7B,MBPP,,,,,,not recovered from supplied notebooks
Qwen 3.5 0.8B,GSM8K,,,,,,not recovered from supplied notebooks
Qwen 3.5 0.8B,StrategyQA,,,,,,not recovered from supplied notebooks
Qwen 3.5 2B,GSM8K,,,,,,not recovered from supplied notebooks
Qwen 3.5 2B,StrategyQA,,,,,,not recovered from supplied notebooks
Qwen 3.5 2B,LogiQA,,,,,,not recovered from supplied notebooks
Qwen 3.5 2B,MBPP,,,,,,not recovered from supplied notebooks
Qwen 3.5 4B,LogiQA,,,,,,not recovered from supplied notebooks
Qwen 3.5 4B,MBPP,,,,,,not recovered from supplied notebooks
