model,delta_C,delta_F,D
Gemma 3 1B,-1.4722222222222223,24.916666666666668,26.38888888888889
Gemma 3 270M,7.277777777777778,90.83333333333333,83.55555555555556
Llama 3 8B,4.305555555555555,8.583333333333334,4.277777777777778
Llama 3.1 8B,12.61111111111111,26.444444444444443,13.833333333333334
Llama 3.2 1B,-1.1388888888888888,50.138888888888886,51.27777777777778
Llama 3.2 3B,0.7222222222222224,26.166666666666668,25.444444444444443
Qwen 2.5 0.5B,0.8055555555555556,52.083333333333336,51.27777777777778
Qwen 2.5 1.5B,2.8055555555555554,34.611111111111114,31.805555555555557
Qwen 2.5 7B,3.037037037037037,67.30555555555556,64.26851851851852
Qwen 3 0.6B,0.8055555555555556,14.75,13.944444444444445
Qwen 3 1.7B,-1.4722222222222223,31.47222222222222,32.94444444444444
Qwen 3.5 0.8B,4.805555555555555,15.916666666666666,11.11111111111111
Qwen 3.5 2B,6.694444444444445,32.94444444444444,26.25
Qwen 3.5 4B,10.0,18.944444444444443,8.944444444444445
