config,delta_C,delta_F,D
CoT,4.6454545454545455,35.74090909090909,31.095454545454544
FS0,5.5227272727272725,47.0,41.47727272727273
FS1,3.7954545454545454,45.60909090909091,41.81363636363636
FS3,3.1636363636363636,39.13181818181818,35.96818181818182
FS5,1.05,20.977272727272727,19.927272727272726
SC1,3.2045454545454546,34.481818181818184,31.277272727272727
SC3,4.172727272727273,31.486363636363638,27.313636363636363
SC5,4.177272727272728,29.45,25.272727272727273
Zero,2.359090909090909,29.181818181818183,26.822727272727274
