term,coef_pp,se_cluster,ci_low_pp,ci_high_pp,p_cluster
Intercept,40.19670918742421,19.630380694749913,1.7218700229040138,78.67154835194441,0.04059150841301301
"C(dataset, Treatment(reference=""GSM8K""))[T.LogiQA]",12.753424835225566,6.378442098144513,0.251908045388225,25.254941625062905,0.045558859888710224
"C(dataset, Treatment(reference=""GSM8K""))[T.MBPP]",10.174603174603213,9.407394871763566,-8.263551962400179,28.612758311606605,0.27945086616242254
"C(dataset, Treatment(reference=""GSM8K""))[T.StrategyQA]",14.406746031746062,6.234986248864639,2.186397539868878,26.627094523623246,0.02085330288641332
"C(config, Treatment(reference=""CoT""))[T.FS0]",10.381818181818193,4.606678879115548,1.3528934904103735,19.410742873226013,0.02421851873664895
"C(config, Treatment(reference=""CoT""))[T.FS1]",10.718181818181828,4.363155663062856,2.1665538596366503,19.269809776727005,0.01402897541062316
"C(config, Treatment(reference=""CoT""))[T.FS3]",4.8727272727272695,6.117409975617174,-7.117175958148442,16.86263050360298,0.42572150936003994
"C(config, Treatment(reference=""CoT""))[T.FS5]",-11.168181818181809,7.440407951895584,-25.75111343418258,3.4147497978189634,0.13335106050275466
"C(config, Treatment(reference=""CoT""))[T.SC1]",0.18181818181819165,1.5828707518152316,-2.9205514839215008,3.2841878475578836,0.9085512596062378
"C(config, Treatment(reference=""CoT""))[T.SC3]",-3.7818181818181644,2.326793999331414,-8.342250619951649,0.7786142563153211,0.10409133884895601
"C(config, Treatment(reference=""CoT""))[T.SC5]",-5.822727272727267,2.3921980408046943,-10.511349276591748,-1.134105268862787,0.014930973277724432
"C(config, Treatment(reference=""CoT""))[T.Zero]",-4.272727272727274,6.289870583906948,-16.600647084602812,8.055192539148265,0.4969459649306295
"C(family, Treatment(reference=""Gemma""))[T.Llama]",-15.267177496912971,25.03193738691331,-64.32887323852472,33.794518244698786,0.5419227890569163
"C(family, Treatment(reference=""Gemma""))[T.Qwen]",-17.383287581738305,19.646607959604058,-55.889931600940216,21.123356437463602,0.3762653645135636
log10_params,-18.706465982794494,19.25287727953399,-56.441412049450605,19.02848008386162,0.33124000742555726
