excluded_model,cells,strict,relaxed,format,D
Gemma 3 1B,459,12.46132897603486,3.96078431372549,35.5582788671024,31.59749455337691
Gemma 3 270M,459,11.54847494553377,3.2745098039215685,30.388344226579523,27.113834422657956
Llama 3 8B,459,12.570261437908497,3.507625272331155,36.839324618736384,33.33169934640523
Llama 3.1 8B,459,11.766339869281046,2.8562091503267975,35.4384531590414,32.5822440087146
Llama 3.2 1B,459,11.912309368191721,3.9346405228758172,33.580065359477125,29.645424836601308
Llama 3.2 3B,459,12.387254901960784,3.788671023965142,35.46023965141612,31.671568627450974
Qwen 2.5 0.5B,459,11.700980392156863,3.782135076252723,33.42755991285403,29.645424836601308
Qwen 2.5 1.5B,459,11.894880174291938,3.6252723311546844,34.797930283224396,31.172657952069713
Qwen 2.5 7B,468,11.75,3.5961538461538454,32.90811965811965,29.311965811965806
Qwen 3 0.6B,459,12.572440087145969,3.782135076252723,36.35566448801743,32.57352941176471
Qwen 3 1.7B,459,12.352396514161219,3.96078431372549,35.04411764705882,31.08333333333333
Qwen 3.5 0.8B,459,12.541938997821351,3.4684095860566444,36.264161220043576,32.79575163398693
Qwen 3.5 2B,459,12.145424836601308,3.3202614379084965,34.92864923747276,31.608387799564266
Qwen 3.5 4B,459,12.09313725490196,3.061002178649237,36.02668845315904,32.9656862745098
