model,dataset,pre_file,post_file,pre_sha256,post_sha256,pre_rows_dataset,post_rows_dataset,configurations,paired_n_per_config,pair_key,same_environment,seed,non_sc_decoding,sc_temperature,sc_top_p,sc_top_k
Gemma 3 270M,GSM8K,GEMMA 3 270M_GSM_STRA_preds_pre_sft.csv,GEMMA 3 270M_GSM_STRAT_preds_post_sft.csv,125c9051a6053518196aed45f4281d2dda9958058d6186253a88a5e9ab5afce7,8bfd6bfea31b0b41e4b6f1950bb6090e29d3ef899c2398401d49b5ca84910f55,900,1800,9,100,position+gold,True,42,deterministic,1.0,0.95,20
Gemma 3 270M,StrategyQA,GEMMA 3 270M_GSM_STRA_preds_pre_sft.csv,GEMMA 3 270M_GSM_STRAT_preds_post_sft.csv,125c9051a6053518196aed45f4281d2dda9958058d6186253a88a5e9ab5afce7,8bfd6bfea31b0b41e4b6f1950bb6090e29d3ef899c2398401d49b5ca84910f55,900,1800,9,100,position+gold,True,42,deterministic,1.0,0.95,20
Gemma 3 270M,LogiQA,gemma3_270m_pre_predictions_mbpp_logiqa.csv,gemma3_270m_post_predictions_mbpp_logiqa.csv,27a8f542144d6332efc7c6fc773971efb61636ffc9601a5de9ae2d6bdcfbbfb0,c439424ff5a7682706c6647cafa28c1551fb12b3dfb6fd140b4a83b6363bce32,900,1800,9,100,position+gold,True,42,deterministic,1.0,0.95,20
Gemma 3 270M,MBPP,gemma3_270m_pre_predictions_mbpp_logiqa.csv,gemma3_270m_post_predictions_mbpp_logiqa.csv,27a8f542144d6332efc7c6fc773971efb61636ffc9601a5de9ae2d6bdcfbbfb0,c439424ff5a7682706c6647cafa28c1551fb12b3dfb6fd140b4a83b6363bce32,900,1800,9,100,position+gold,True,42,deterministic,1.0,0.95,20
Gemma 3 1B,GSM8K,GEMMA 3 1B_GSMK&STR_preds_pre_sft.csv,GEMMA 3 1B_GSMK&STR_preds_post_sft.csv,355ffc4eaac6d6e9f76a7ff9173636b4c7f5114c05bd19a3e25c82b243ba5f7a,64504cbe913087f9c2b0349ee678b4a001b91bb74c6a61e8250b42af1b870394,900,1800,9,100,position+gold,True,42,deterministic,1.0,0.95,20
Gemma 3 1B,StrategyQA,GEMMA 3 1B_GSMK&STR_preds_pre_sft.csv,GEMMA 3 1B_GSMK&STR_preds_post_sft.csv,355ffc4eaac6d6e9f76a7ff9173636b4c7f5114c05bd19a3e25c82b243ba5f7a,64504cbe913087f9c2b0349ee678b4a001b91bb74c6a61e8250b42af1b870394,900,1800,9,100,position+gold,True,42,deterministic,1.0,0.95,20
Gemma 3 1B,LogiQA,GEMMA 3 1B MBPP + LOGIQApreds_pre_sft.csv,GEMMA 3 1B  MBPP + LOGIQApreds_post_sft.csv,0d4ad81ad95bf98482c9439ad55116399703147e83a20975dc31cafdfafa55d9,f53cb0daff85175be0d0675998e3f77ecb59c7dfb183157e05530ac415602124,900,1800,9,100,position+gold,True,42,deterministic,1.0,0.95,20
Gemma 3 1B,MBPP,GEMMA 3 1B MBPP + LOGIQApreds_pre_sft.csv,GEMMA 3 1B  MBPP + LOGIQApreds_post_sft.csv,0d4ad81ad95bf98482c9439ad55116399703147e83a20975dc31cafdfafa55d9,f53cb0daff85175be0d0675998e3f77ecb59c7dfb183157e05530ac415602124,900,1800,9,100,task_id+gold,True,42,deterministic,1.0,0.95,20
Llama 3 8B,GSM8K,llama3 8b preds_gsm8k_pre_sft.csv,llama3 8b preds_gsm8k_post_sft.csv,8b99037760ce8c7227e5dc0f45f27325d7cdc17b9e77e45e60a2db5568210b0a,aec158cc8111627ff46907c7a58732307bb0b1296d77ab8b125bb60638e5376b,900,1800,9,100,position+gold,True,42,deterministic,1.0,0.95,20
Llama 3 8B,StrategyQA,llama3 8b preds_strategyqa_pre_sft.csv,llama3 8b preds_strategyqa_post_sft.csv,9d0cb63c8e725bd76b049f05297d6d17daa1f88db156101b2f08149314e807fc,abee5eaac1dbeac48697d8698f4a277cb5ef78d248e35970e1948205fa3e98b1,900,1800,9,100,example_index+gold,True,42,deterministic,1.0,0.95,20
Llama 3 8B,LogiQA,llama3 8b preds_logiqa_pre_sft.csv,llama3 8b preds_logiqa_post_sft.csv,d977127307f65f753b67353980eaa838db660a36d02a91150065627d1b123663,64438623cc8b0b36660c1aea195e3d987ceabdfd67b7add32923d1b364214da9,900,1800,9,100,position+gold,True,42,deterministic,1.0,0.95,20
Llama 3 8B,MBPP,llama3 8b preds_mbpp_pre_sft.csv,llama3 8b preds_mbpp_post_sft.csv,ee2b0bad828efc5c870579e3446b50fc66142d2ae6bb11e966f3dd0dc6380c64,646b71f540b5b3cc1b388788b72f441f8e9e1dfd1009dc8d6c12b3d702343111,900,1800,9,100,position+gold,True,42,deterministic,1.0,0.95,20
Llama 3.1 8B,GSM8K,Pasted text (2)(20260817-053636).txt,Pasted text(20260817-053620).txt,acf9955276ee3f6b3c44be7f12453dbcaefdbf40073ee1fd296e12dc6de1b204,92208a1d7652850827577c1f1500a6494b05586ba720d012d61d6192921ffa5b,900,1800,9,100,example_index+gold,True,42,deterministic,1.0,0.95,20
Llama 3.1 8B,StrategyQA,Pasted text (4).txt,Pasted text (3).txt,08010973c828a78073e8f0080ac2cea5898d286f638cc1b7491fc8c143854ade,a78517dc0e3dcd1656757efa167e2a35c4c8a582a6bddddd762d6587dccc46ea,900,1800,9,100,example_index+gold,True,42,deterministic,1.0,0.95,20
Llama 3.1 8B,LogiQA,llama3.1 8b predictions_logiqa_pre_sft.csv,llama3.1 8b predictions_logiqa_post_sft.csv,cea4c377a6f9302493a44f9c24fff88ce9b30efc05cb564958e31cbc752a2ef3,29b7a6b055c9d49fcac3bd4367ea36ccf8449457a4860ddd60c7ae857f36b5a0,900,1800,9,100,position+gold,True,42,deterministic,1.0,0.95,20
Llama 3.1 8B,MBPP,llama3.1 8b predictions_mbpp_pre_sft.csv,llama3.1 8b predictions_mbpp_post_sft.csv,5df4761ac298f5173452b87e1ea280640746c90615ce45911466befc742d2e0b,a5424d4e8a702460707adcad3bfd126dfcd93301a9731407861dfd91a9c633e4,900,1800,9,100,position+gold,True,42,deterministic,1.0,0.95,20
Llama 3.2 1B,GSM8K,LLAMA-3.2-1B_GSM&STRATepreds_pre_sft.csv,LLAMA-3.2-1B_GSMK&STRATpreds_post_sft.csv,a79e7cc3fe5ec3b450ea5eea317b39b40a58259d9717d1132aefd42c1fb57d82,c2b66c0796da8065367fdf443e43dbb374e3049ff9d974b7fde65209553c770e,900,1800,9,100,position+gold,True,42,deterministic,1.0,0.95,20
Llama 3.2 1B,StrategyQA,LLAMA-3.2-1B_GSM&STRATepreds_pre_sft.csv,LLAMA-3.2-1B_GSMK&STRATpreds_post_sft.csv,a79e7cc3fe5ec3b450ea5eea317b39b40a58259d9717d1132aefd42c1fb57d82,c2b66c0796da8065367fdf443e43dbb374e3049ff9d974b7fde65209553c770e,900,1800,9,100,position+gold,True,42,deterministic,1.0,0.95,20
Llama 3.2 1B,LogiQA,llama 3.2 1b preds_logiqa_pre_sft.csv,llama 3.2 1b preds_logiqa_post_sft.csv,ce688f5b554c2f0a4069c7e731f8c52bada4ce1993d5f8016e576a20fc2e0429,30b62881b28ba1cd8988959fd1c89a32a3c8d2bee7418feaf638d625f61ea230,900,1800,9,100,position+gold,True,42,deterministic,1.0,0.95,20
Llama 3.2 1B,MBPP,llama 3.2 1b preds_mbpp_pre_sft.csv,llama 3.2 1b preds_mbpp_post_sft.csv,00ad0def33888a22a6fd30947d0aee5da43843ea046eb7ab654ddfae217000c0,f840023daaa166a3538a409e9f2dba578b5fd3548c2bb8889f5cd14237d373e0,900,1800,9,100,position+gold,True,42,deterministic,1.0,0.95,20
Llama 3.2 3B,GSM8K,LLAMA-3.2-3B_Strata_preds_pre_sft.csv,LLAMA-3.2-3B_GSM&Strat_preds_post_sft.csv,26bc12742023412713ee72e3293ee7f46c1a34ca7476ca6411ecc61e9d8b236e,4587f5411d44414d29262dd6cca92a2a2cda03c3fd785b4d2982cd07953cf15a,900,1800,9,100,position+gold,True,42,deterministic,1.0,0.95,20
Llama 3.2 3B,StrategyQA,LLAMA-3.2-3B_Strata_preds_pre_sft.csv,LLAMA-3.2-3B_GSM&Strat_preds_post_sft.csv,26bc12742023412713ee72e3293ee7f46c1a34ca7476ca6411ecc61e9d8b236e,4587f5411d44414d29262dd6cca92a2a2cda03c3fd785b4d2982cd07953cf15a,900,1800,9,100,position+gold,True,42,deterministic,1.0,0.95,20
Llama 3.2 3B,LogiQA,llama 3.2 3b  preds_logiqa_pre_sft.csv,llama 3.2 3b preds_logiqa_post_sft.csv,cea40a59d5e51b7a21df088b43b403188199f8a1ceae2f58834e22c7501e5e2c,1b351f809a61bdc2a2cc967ad178c01daf216550ec086568ed3baa4169c49f0f,900,1800,9,100,position+gold,True,42,deterministic,1.0,0.95,20
Llama 3.2 3B,MBPP,llama 3.2 3b  preds_mbpp_pre_sft.csv,llama 3.2 3b  preds_mbpp_post_sft.csv,6f3d2a21980110df92d878c09480882923ca77b6de01a88965e689f2ab1d3206,4570e95866b6a2387fd1edf003ac0c61750665e3f446a25ffb3b1f88792946fa,900,1800,9,100,position+gold,True,42,deterministic,1.0,0.95,20
Qwen 2.5 0.5B,GSM8K,QWEN2.5 0.5B_GSM&STRA_preds_pre_sft.csv,QWEN2.5 0.5B_GSAM&STRA_preds_post_sft.csv,6f7ed166e07e301a1a91230d55b6813169dc16aba315df9febc618e3de3e9d53,012e53776deee8bb03245a20e55b390a9a812312c3387a1a26e98a12a2c75c25,900,1800,9,100,position+gold,True,42,deterministic,1.0,0.95,20
Qwen 2.5 0.5B,StrategyQA,QWEN2.5 0.5B_GSM&STRA_preds_pre_sft.csv,QWEN2.5 0.5B_GSAM&STRA_preds_post_sft.csv,6f7ed166e07e301a1a91230d55b6813169dc16aba315df9febc618e3de3e9d53,012e53776deee8bb03245a20e55b390a9a812312c3387a1a26e98a12a2c75c25,900,1800,9,100,position+gold,True,42,deterministic,1.0,0.95,20
Qwen 2.5 0.5B,LogiQA,qwen25_05b_pre_predictions_mbpp_logiqa.csv,qwen25_05b_post_predictions_mbpp_logiqa.csv,40848df977897cd4e4c269d7c487651ad4f74a8d761fb1342bee9c18066b705b,251143988ce85dd2f45d195c17439567eb1623e2201195ec7501cfe17619b495,900,1800,9,100,position+gold,True,42,deterministic,1.0,0.95,20
Qwen 2.5 0.5B,MBPP,qwen2.5 0.5b preds_mbpp_pre_sft.csv,qwen2.5 0.5b preds_mbpp_post_sft.csv,617cab3f31cb588690d82829d27b2cad1a99e53088d4f8b5f12a2d87a01c1b5d,c66310ad400dfb70bedc037c79ee24b285c475121db744dab72f93e0119945e6,900,1800,9,100,task_id+gold,True,42,deterministic,1.0,0.95,20
Qwen 2.5 1.5B,GSM8K,QWEN2.5 1.5B_GSAM&STRATpreds_pre_sft.csv,QWEN2.5 1.5B_GSAM_STRAT_preds_post_sft.csv,2aa305820aa6352d7c80b8dce1a844a8a88c2a8c3c99213e5dea98842cf13aff,7d17e5168e8ed2052dd2730c13db9671d60702018eba555d8b9e59a354851f69,900,1800,9,100,position+gold,True,42,deterministic,1.0,0.95,20
Qwen 2.5 1.5B,StrategyQA,QWEN2.5 1.5B_GSAM&STRATpreds_pre_sft.csv,QWEN2.5 1.5B_GSAM_STRAT_preds_post_sft.csv,2aa305820aa6352d7c80b8dce1a844a8a88c2a8c3c99213e5dea98842cf13aff,7d17e5168e8ed2052dd2730c13db9671d60702018eba555d8b9e59a354851f69,900,1800,9,100,position+gold,True,42,deterministic,1.0,0.95,20
Qwen 2.5 1.5B,LogiQA,qwen 2.5 1b preds_logiqa_pre_sft.csv,qwen 2.5 1b preds_logiqa_post_sft.csv,1377ee2ce8189302a0127e6ba03d3f0d9d3af81188f8d46bbc037ae1b3f4a844,619bee3ce78edc8d3b8ef2b12565434eabaa7fdee7a8bbee6a55174e3584b983,900,1800,9,100,index+gold,True,42,deterministic,1.0,0.95,20
Qwen 2.5 1.5B,MBPP,qwen 2.5 1b preds _mbpp_pre_sft.csv,qwen 2.5 1b preds_mbpp_post_sft.csv,853b95e8c32ecd1425180f5f6d9093fdd65525469d6bc730420bebe6290fad00,bef5309ca054d3c046ba490921040455d9b69d31fa9366b6f9edef5aa504b1ab,900,1800,9,100,task_id+gold,True,42,deterministic,1.0,0.95,20
Qwen 2.5 7B,GSM8K,QWEN2.5 7B_GSAM&STRA_preds_pre_sft.csv,QWEN2.5 7B_GSAM&STRAte_preds_post_sft.csv,fa6b91f8e0a2ae911cc7e45c08dc3f2d4b071ddcef4362fbcfdd39053725d59c,5daa6f0aacaf45f3f4f48563a654b8c5ec04dd0fc7fc14176b7c684460334ec2,720,1350,9,80,position+gold,True,42,deterministic,1.0,0.95,20
Qwen 2.5 7B,StrategyQA,QWEN2.5 7B_GSAM&STRA_preds_pre_sft.csv,QWEN2.5 7B_GSAM&STRAte_preds_post_sft.csv,fa6b91f8e0a2ae911cc7e45c08dc3f2d4b071ddcef4362fbcfdd39053725d59c,5daa6f0aacaf45f3f4f48563a654b8c5ec04dd0fc7fc14176b7c684460334ec2,720,1350,9,80,position+gold,True,42,deterministic,1.0,0.95,20
Qwen 2.5 7B,MBPP,qwen2.5 7b preds_pre_sft_mbpp.csv,qwen2.5 7b preds_post_sft_mbpp.csv,62166a4d5cf99e36d3802fa216649a6b65ed023292a79a52b81628a801056dc9,8556a0629c0b411ab09bb741fddba58dcd6895643937b425ff8c79aa37ec4188,900,1800,9,100,position+gold,True,42,deterministic,1.0,0.95,20
Qwen 3 0.6B,GSM8K,QWEN 0.6B GSM8K + StrategyQApreds_pre_sft.csv,QWEN 0.6B GSM8K + StrategyQApreds_post_sft.csv,df469b607e938585c0d4dd00af356b5db4becae4402cede9b1c00d83e1dda7f1,579ea20b7a1f109a0aaf3e7dafcab26c6760d9830dda9b955bfe973ad15faaf5,900,1800,9,100,position+gold,True,42,deterministic,1.0,0.95,20
Qwen 3 0.6B,StrategyQA,QWEN 0.6B GSM8K + StrategyQApreds_pre_sft.csv,QWEN 0.6B GSM8K + StrategyQApreds_post_sft.csv,df469b607e938585c0d4dd00af356b5db4becae4402cede9b1c00d83e1dda7f1,579ea20b7a1f109a0aaf3e7dafcab26c6760d9830dda9b955bfe973ad15faaf5,900,1800,9,100,position+gold,True,42,deterministic,1.0,0.95,20
Qwen 3 0.6B,LogiQA,Pasted markdown (2)(6).md,Pasted markdown(10).md,efb81e7d6a8c1a6b10169b2b852fa53bec73c29cfc582cb583276e6a45f1c715,2d530c88a885ddf950d54a84b3b14084a51a74737f90c10164ff4ed8fd84e09a,900,1800,9,100,position+gold,True,42,deterministic,1.0,0.95,20
Qwen 3 0.6B,MBPP,Pasted markdown (2)(6).md,Pasted markdown(10).md,efb81e7d6a8c1a6b10169b2b852fa53bec73c29cfc582cb583276e6a45f1c715,2d530c88a885ddf950d54a84b3b14084a51a74737f90c10164ff4ed8fd84e09a,900,1800,9,100,task_id+gold,True,42,deterministic,1.0,0.95,20
Qwen 3 1.7B,GSM8K,qwen 3.1 7b preds_gsm8k_pre_sft.csv,qwen 3.1 7b preds_gsm8k_post_sft.csv,dce5e3216a0ef57e1f4e370f0bb5725f12aa031749e28ee3787f65e2b983efbb,98e082e48f444532c40de796bcac3c70407811475562bbf15fad2ad2ad1367d3,900,1800,9,100,position+gold,True,42,deterministic,1.0,0.95,20
Qwen 3 1.7B,StrategyQA,qwen3.1 7b preds_strategyqa_pre_sft.csv,qwen3.1 7b preds_strategyqa_post_sft.csv,76b227af2688c1274623cd5d6c5efe7f53e6eb33b369e6391d9d3572da669c98,cf47fe6da71664fa5d66b972efc49b8a08b66de3710be9ef0b90b4f16b85b62b,900,1800,9,100,position+gold,True,42,deterministic,1.0,0.95,20
Qwen 3 1.7B,LogiQA,qwen3.1 7b preds_logiqa_pre_sft.csv,qwen3.1 7b preds_logiqa_post_sft.csv,2bd3901aa74e412d496b4e39cb6468aa7bb23df255d01fcd43dbf72f8635b599,ce05f485571977603e18e2a8fcb5ab59733b7916e15a07bfd770b9a48809a2af,900,1800,9,100,position+gold,True,42,deterministic,1.0,0.95,20
Qwen 3 1.7B,MBPP,qwen3.1 7b preds_mbpp_pre_sft.csv,qwen3.1 7b preds_mbpp_post_sft.csv,61d4323c5e5708015c3560e5d5c3e5302228ef88f96b9d8e9bee529c59a0c04b,5c049190c63c71abb38b1e33a0e807eca56347b4817cdda2cb71da4d61b2453e,900,1800,9,100,position+gold,True,42,deterministic,1.0,0.95,20
Qwen 3.5 0.8B,GSM8K,QWEN3.5 0.8B_GSM_STRA_preds_pre_sft.csv,QWEN3.5 0.8B_GSM_STRA_preds_post_sft.csv,884956cb9ae1f4a8ac6e8e002bdfc86275541c294c7912ffa5515a47e8b61e6c,f831fc5ddd55473ed5db4a8f86f67af10ee45284242be3bd8b41548292f49a93,900,1800,9,100,position+gold,True,42,deterministic,1.0,0.95,20
Qwen 3.5 0.8B,StrategyQA,QWEN3.5 0.8B_GSM_STRA_preds_pre_sft.csv,QWEN3.5 0.8B_GSM_STRA_preds_post_sft.csv,884956cb9ae1f4a8ac6e8e002bdfc86275541c294c7912ffa5515a47e8b61e6c,f831fc5ddd55473ed5db4a8f86f67af10ee45284242be3bd8b41548292f49a93,900,1800,9,100,position+gold,True,42,deterministic,1.0,0.95,20
Qwen 3.5 0.8B,LogiQA,Pasted markdown (2).md,Pasted markdown(3).md,fbfd8afc705e3856bc8009b52eb377c6bdc23468b2035c034539d74f35b54d00,6def6e93264e6b19410d0538bcf46ed419c01f3824d681abcb28b166fe0b82b8,900,1800,9,100,position+gold,True,42,deterministic,1.0,0.95,20
Qwen 3.5 0.8B,MBPP,Pasted markdown (2).md,Pasted markdown(3).md,fbfd8afc705e3856bc8009b52eb377c6bdc23468b2035c034539d74f35b54d00,6def6e93264e6b19410d0538bcf46ed419c01f3824d681abcb28b166fe0b82b8,900,1800,9,100,task_id+gold,True,42,deterministic,1.0,0.95,20
Qwen 3.5 2B,GSM8K,QWEN3.5 2B_GSM&STRAT_preds_pre_sft.csv,QWEN3.5 2B_GSM_STRAT_preds_post_sft.csv,734ea44c0859e68ce74876693da36fa98dc152b458098101ef239aaad5c133f7,93f6635881ba4557140c200b1890addfb9e0131e8806691c43af7ecee3b55054,900,1800,9,100,position+gold,True,42,deterministic,1.0,0.95,20
Qwen 3.5 2B,StrategyQA,QWEN3.5 2B_GSM&STRAT_preds_pre_sft.csv,QWEN3.5 2B_GSM_STRAT_preds_post_sft.csv,734ea44c0859e68ce74876693da36fa98dc152b458098101ef239aaad5c133f7,93f6635881ba4557140c200b1890addfb9e0131e8806691c43af7ecee3b55054,900,1800,9,100,position+gold,True,42,deterministic,1.0,0.95,20
Qwen 3.5 2B,LogiQA,qwen 3.5 2b preds_logiqa_pre_sft.csv,qwen 3.5 2b preds_logiqa_post_sft.csv,3964c88d3326dc167f66f37f35e3477bf221bcea020809dd3b86516e379951e7,90fc3bd4cb2a1d6cf167a8a636c6d9fdd1c77fd067e303983ebea03d77c47015,900,1800,9,100,index+gold,True,42,deterministic,1.0,0.95,20
Qwen 3.5 2B,MBPP,qwen 3.5 2b preds_mbpp_pre_sft.csv,qwen 3.5 2b preds_mbpp_post_sft.csv,36cec7409616e89b166fb454ca477f811b1c5d604f6bbda8a77c38e5de210d36,1cc022e67ea4adeed5f31f10c366792cefe4848eee8db8e6ecb9aa002655660e,900,1800,9,100,index+gold,True,42,deterministic,1.0,0.95,20
Qwen 3.5 4B,GSM8K,Pasted markdown (3).md,Pasted markdown (2)(1).md,1339d5342a000f516a7db0af34fd4692da72680d86b79c9d516234bfcb783323,764883c6ee12807f655edd757445adbf56301b3debba243f7df3ffa885f9687b,900,1800,9,100,position+gold,True,42,deterministic,1.0,0.95,20
Qwen 3.5 4B,StrategyQA,Pasted markdown (3).md,Pasted markdown (2)(1).md,1339d5342a000f516a7db0af34fd4692da72680d86b79c9d516234bfcb783323,764883c6ee12807f655edd757445adbf56301b3debba243f7df3ffa885f9687b,900,1800,9,100,position+gold,True,42,deterministic,1.0,0.95,20
Qwen 3.5 4B,LogiQA,qwen 3.5 4b logiqa preds_pre_sft.csv,qwen 3.5 4b logiqa preds_post_sft.csv,d2cb78aa37ae1331933224a5ec4783a29418cb634baa1d10c09e1b3b774b6bd4,bfcb5c08bfca0559ea45e039fc50e85679dd60bf7cb65ff732b07d0b73da03c0,900,1800,9,100,position+gold,True,42,deterministic,1.0,0.95,20
Qwen 3.5 4B,MBPP,qwen 3.5 4b mbpp preds_pre_sft.csv,qwen 3.5 4b mbpp preds_post_sft.csv,56116c6b1fbfd5510f299958bb0aba47c2ba3824373eb874e7254fd61c9e93c1,aa646209d5ac898c5baf85ee3e2be2db50e06c8760d0d0bbd84c7fb8d915e04b,900,1800,9,100,position+gold,True,42,deterministic,1.0,0.95,20
